{
  "project_info": {
    "project_number": "1002494157537",
    "firebase_url": "https://yoga-e55c5-default-rtdb.asia-southeast1.firebasedatabase.app",
    "project_id": "yoga-e55c5",
    "storage_bucket": "yoga-e55c5.firebasestorage.app"
  },
  "client": [
    {
      "client_info": {
        "mobilesdk_app_id": "1:1002494157537:android:9d9285e72a0f5132d20da0",
        "android_client_info": {
          "package_name": "com.example.adminyogaapp"
        }
      },
      "oauth_client": [],
      "api_key": [
        {
          "current_key": "AIzaSyBR_wP0xsNXXL1kvYe5gvsv1jLxNIBxo7Q"
        }
      ],
      "services": {
        "appinvite_service": {
          "other_platform_oauth_client": []
        }
      }
    }
  ],
  "configuration_version": "1"
}